Nombre,Link
Miasma Chronicles,https://www.3djuegos.com/juegos/miasma-chronicles/
Spider-Man,https://www.3djuegos.com/juegos/spider-man/
Serial Cleaners,https://www.3djuegos.com/juegos/serial-cleaners/
Call of Duty: Modern Warfare 2 (2022),https://www.3djuegos.com/juegos/call-of-duty-modern-warfare-2-2022/
Fallout 76,https://www.3djuegos.com/juegos/fallout-76/
Assassin's Creed Mirage,https://www.3djuegos.com/juegos/assassins-creed-mirage/
Sons of the Forest,https://www.3djuegos.com/juegos/sons-of-the-forest/
Mortal Shell,https://www.3djuegos.com/juegos/mortal-shell/
Saint's Row: The Third,https://www.3djuegos.com/juegos/saints-row-the-third/
Dishonored,https://www.3djuegos.com/juegos/dishonored/
Tinykin,https://www.3djuegos.com/juegos/tinykin/
The Forest,https://www.3djuegos.com/juegos/the-forest/
Wo Long: Fallen Dynasty,https://www.3djuegos.com/juegos/wo-long-fallen-dynasty/
Dread Delusion,https://www.3djuegos.com/juegos/dread-delusion/
Skull & Bones,https://www.3djuegos.com/juegos/skull-bones/
Midnight Fight Express,https://www.3djuegos.com/juegos/midnight-fight-express/
The Witcher 3: Wild Hunt,https://www.3djuegos.com/juegos/the-witcher-3-wild-hunt/
Worms Revolution,https://www.3djuegos.com/juegos/worms-revolution/
Dead Island 2,https://www.3djuegos.com/juegos/dead-island-2/
Epistory - Typing Chronicles,https://www.3djuegos.com/juegos/epistory-typing-chronicles/
Diablo IV,https://www.3djuegos.com/juegos/diablo-iv/
Atomic Heart,https://www.3djuegos.com/juegos/atomic-heart/
Overwatch 2,https://www.3djuegos.com/juegos/overwatch-2/
GOG,https://www.3djuegos.com/juegos/gog/
Eximius: Seize the Frontline,https://www.3djuegos.com/juegos/eximius-seize-the-frontline/
